scenario,kmp_ios_median,kmp_ios_unit,native_ios_median,native_ios_unit,kmp_over_native,ios_comparability,android_test,android_metric,android_median,android_unit,android_comparability,note
testColdStartup,0.2395,s,0.2713,s,0.88,COMPARABLE,coldStartupWithBaselineProfile,timeToInitialDisplayMs,272.18,ms,COMPARABLE (caveats),Both use XCTOSSignpostMetric.applicationLaunch over a real process launch.
testColdStartup,0.2395,s,0.2713,s,0.88,COMPARABLE,coldStartupFull,timeToInitialDisplayMs,344.82,ms,COMPARABLE (caveats),Both use XCTOSSignpostMetric.applicationLaunch over a real process launch.
testWarmStartup,1.1518,s,1.1656,s,0.99,COMPARABLE (harness-inflated),warmStartup,timeToInitialDisplayMs,51.6,ms,NOT COMPARABLE (different probe),"Identical structure, but includes XCUITest activate + query overhead."
testHotStartup,1.1441,s,1.1608,s,0.99,COMPARABLE (harness-inflated),hotStartup,timeToInitialDisplayMs,32.22,ms,NOT COMPARABLE (different probe),As warm startup.
testScrollPerformance,0.53,s,2.5911,s,0.20,NOT COMPARABLE,scrollNewsListJankMetrics,frameCount,927.5,count,NOT COMPARABLE (different quantity),"XCUITest waits out SwiftUI scroll deceleration (~2.7s) where Compose/Skia reports idle immediately (~0.5s). Verified independent of element geometry. Measures idle-detection, not render throughput."
testFastScrollStress,3.5656,s,16.6472,s,0.21,NOT COMPARABLE,fastScrollStressTest,frameCount,2243.5,count,NOT COMPARABLE (different quantity),"As scroll performance, x6 swipes."
testInitialDataLoad,3.5247,s,3.5518,s,0.99,COMPARABLE,networkToDatabase,LocalDS.insertArticlesSumMs,0.0,ms,NOT COMPARABLE (different quantity),Identical structure; both dominated by the same backend fetch.
testCategoryFilterPerformance,1.4632,s,1.5515,s,0.94,COMPARABLE (caution),categoryFilterPerformance,NewsRepo.getArticlesSumMs,5.22,ms,NOT COMPARABLE (different quantity),Same structure; sub-1% CV indicates a constant-dominated measurement.
testSearchPerformance,2.1565,s,2.3305,s,0.93,COMPARABLE (caution),searchArticlesPerformance,NewsRepo.searchArticlesSumMs,4.26,ms,NOT COMPARABLE (different quantity),"Same structure; KMP field is a TextView, native a TextField."
testImageLoadingPerformance,1.4192,s,5.1196,s,0.28,NOT COMPARABLE,imageLoadingPerformance,frameCount,83.0,count,NOT COMPARABLE (different quantity),Contains two swipes; dominated by the same deceleration idle-wait difference.
