platform,test,metric,iteration,value,unit,device,os_version
kmp_ios,coldStartup,Duration (AppLaunch),1,0.256324125,s,iPhone 16,iOS_26.4.2
kmp_ios,coldStartup,Duration (AppLaunch),2,0.265528458,s,iPhone 16,iOS_26.4.2
kmp_ios,coldStartup,Duration (AppLaunch),3,0.255423625,s,iPhone 16,iOS_26.4.2
kmp_ios,coldStartup,Duration (AppLaunch),4,0.254071959,s,iPhone 16,iOS_26.4.2
kmp_ios,coldStartup,Duration (AppLaunch),5,0.254397292,s,iPhone 16,iOS_26.4.2
kmp_ios,coldStartup,Duration (AppLaunch),6,0.251180792,s,iPhone 16,iOS_26.4.2
kmp_ios,coldStartup,Duration (AppLaunch),7,0.265822125,s,iPhone 16,iOS_26.4.2
kmp_ios,coldStartup,Duration (AppLaunch),8,0.265887417,s,iPhone 16,iOS_26.4.2
kmp_ios,coldStartup,Duration (AppLaunch),9,0.243029041,s,iPhone 16,iOS_26.4.2
kmp_ios,coldStartup,Duration (AppLaunch),10,0.244838375,s,iPhone 16,iOS_26.4.2
kmp_ios,coldStartup,Duration (AppLaunch),11,0.262503708,s,iPhone 16,iOS_26.4.2
kmp_ios,coldStartup,Duration (AppLaunch),12,0.265384583,s,iPhone 16,iOS_26.4.2
kmp_ios,coldStartup,Duration (AppLaunch),13,0.263716875,s,iPhone 16,iOS_26.4.2
kmp_ios,coldStartup,Duration (AppLaunch),14,0.291374958,s,iPhone 16,iOS_26.4.2
kmp_ios,coldStartup,Duration (AppLaunch),15,0.264601667,s,iPhone 16,iOS_26.4.2
kmp_ios,coldStartup,Duration (AppLaunch),16,0.259132667,s,iPhone 16,iOS_26.4.2
kmp_ios,coldStartup,Duration (AppLaunch),17,0.251347084,s,iPhone 16,iOS_26.4.2
kmp_ios,coldStartup,Duration (AppLaunch),18,0.256824000,s,iPhone 16,iOS_26.4.2
kmp_ios,coldStartup,Duration (AppLaunch),19,0.255217459,s,iPhone 16,iOS_26.4.2
kmp_ios,coldStartup,Duration (AppLaunch),20,0.255640042,s,iPhone 16,iOS_26.4.2
kmp_ios,coldStartup,Duration (AppLaunch),21,0.262034875,s,iPhone 16,iOS_26.4.2
kmp_ios,coldStartup,Duration (AppLaunch),22,0.257929583,s,iPhone 16,iOS_26.4.2
kmp_ios,coldStartup,Duration (AppLaunch),23,0.253036500,s,iPhone 16,iOS_26.4.2
kmp_ios,coldStartup,Duration (AppLaunch),24,0.261025291,s,iPhone 16,iOS_26.4.2
kmp_ios,coldStartup,Duration (AppLaunch),25,0.262339833,s,iPhone 16,iOS_26.4.2
kmp_ios,coldStartup,Duration (AppLaunch),26,0.248803750,s,iPhone 16,iOS_26.4.2
kmp_ios,coldStartup,Duration (AppLaunch),27,0.264805625,s,iPhone 16,iOS_26.4.2
kmp_ios,coldStartup,Duration (AppLaunch),28,0.326282834,s,iPhone 16,iOS_26.4.2
kmp_ios,coldStartup,Duration (AppLaunch),29,0.463404625,s,iPhone 16,iOS_26.4.2
kmp_ios,coldStartup,Duration (AppLaunch),30,0.329704375,s,iPhone 16,iOS_26.4.2
