scenario,metric,kmp_ios_median_s,kmp_cv_pct,native_ios_median_s,native_cv_pct,kmp_over_native,comparability,note
testCategoryFilterPerformance,Clock Monotonic Time,1.4632,0.55,1.5515,0.75,0.94,COMPARABLE (caution),Same structure; residual XCUITest idle-wait differences may contribute.
testColdStartup,Duration (AppLaunch),0.2395,7.6,0.2713,7.19,0.88,COMPARABLE,"Both use the applicationLaunch OS signpost over a real process launch; same device, same OS 26.6."
testFastScrollStress,Clock Monotonic Time,3.5656,1.86,16.6472,1.42,0.21,NOT COMPARABLE,"As scroll performance, x6 swipes."
testHotStartup,Clock Monotonic Time,1.1441,1.37,1.1608,1.69,0.99,COMPARABLE (harness-inflated),As warm startup.
testImageLoadingPerformance,Clock Monotonic Time,1.4192,2.44,5.1196,2.79,0.28,NOT COMPARABLE,Contains two swipes; dominated by the same deceleration idle-wait difference.
testInitialDataLoad,Clock Monotonic Time,3.5247,1.18,3.5518,0.56,0.99,COMPARABLE,Identical structure; both dominated by the same backend fetch.
testScrollPerformance,Clock Monotonic Time,0.53,3.13,2.5911,0.86,0.20,NOT COMPARABLE,"Measured: XCUITest waits ~2.7s for SwiftUI scroll deceleration to settle vs ~0.5s for Compose, independent of element choice. Measures idle-detection, not render throughput."
testSearchPerformance,Clock Monotonic Time,2.1565,0.57,2.3305,4.96,0.93,COMPARABLE (caution),"Same structure; KMP field is a TextView, native a TextField, so typing cost may differ."
testWarmStartup,Clock Monotonic Time,1.1518,1.2,1.1656,1.27,0.99,COMPARABLE (harness-inflated),"Identical structure, but absolute value includes XCUITest activate + query overhead; not comparable to Android's timeToInitialDisplay."
