platform,metric,iteration,value,unit,device,os_version
kmp_android,coldStartupFull_timeToInitialDisplayMs,1,407.36,ms,Pixel 8,Android_36
kmp_android,coldStartupFull_timeToInitialDisplayMs,2,343.3,ms,Pixel 8,Android_36
kmp_android,coldStartupFull_timeToInitialDisplayMs,3,346.85,ms,Pixel 8,Android_36
kmp_android,coldStartupFull_timeToInitialDisplayMs,4,342.36,ms,Pixel 8,Android_36
kmp_android,coldStartupFull_timeToInitialDisplayMs,5,356.54,ms,Pixel 8,Android_36
kmp_android,coldStartupFull_timeToInitialDisplayMs,6,338.91,ms,Pixel 8,Android_36
kmp_android,coldStartupFull_timeToInitialDisplayMs,7,350.17,ms,Pixel 8,Android_36
kmp_android,coldStartupFull_timeToInitialDisplayMs,8,337.57,ms,Pixel 8,Android_36
kmp_android,coldStartupFull_timeToInitialDisplayMs,9,342.81,ms,Pixel 8,Android_36
kmp_android,coldStartupFull_timeToInitialDisplayMs,10,337.91,ms,Pixel 8,Android_36
kmp_android,coldStartupFull_timeToInitialDisplayMs,11,341.59,ms,Pixel 8,Android_36
kmp_android,coldStartupFull_timeToInitialDisplayMs,12,337.64,ms,Pixel 8,Android_36
kmp_android,coldStartupFull_timeToInitialDisplayMs,13,344.83,ms,Pixel 8,Android_36
kmp_android,coldStartupFull_timeToInitialDisplayMs,14,343.36,ms,Pixel 8,Android_36
kmp_android,coldStartupFull_timeToInitialDisplayMs,15,364.63,ms,Pixel 8,Android_36
kmp_android,coldStartupFull_timeToInitialDisplayMs,16,353.39,ms,Pixel 8,Android_36
kmp_android,coldStartupFull_timeToInitialDisplayMs,17,369.65,ms,Pixel 8,Android_36
kmp_android,coldStartupFull_timeToInitialDisplayMs,18,334.45,ms,Pixel 8,Android_36
kmp_android,coldStartupFull_timeToInitialDisplayMs,19,345.46,ms,Pixel 8,Android_36
kmp_android,coldStartupFull_timeToInitialDisplayMs,20,355.54,ms,Pixel 8,Android_36
kmp_android,coldStartupFull_timeToInitialDisplayMs,21,331.62,ms,Pixel 8,Android_36
kmp_android,coldStartupFull_timeToInitialDisplayMs,22,344.94,ms,Pixel 8,Android_36
kmp_android,coldStartupFull_timeToInitialDisplayMs,23,336.5,ms,Pixel 8,Android_36
kmp_android,coldStartupFull_timeToInitialDisplayMs,24,332.69,ms,Pixel 8,Android_36
kmp_android,coldStartupFull_timeToInitialDisplayMs,25,357.58,ms,Pixel 8,Android_36
kmp_android,coldStartupFull_timeToInitialDisplayMs,26,349.37,ms,Pixel 8,Android_36
kmp_android,coldStartupFull_timeToInitialDisplayMs,27,344.82,ms,Pixel 8,Android_36
kmp_android,coldStartupFull_timeToInitialDisplayMs,28,332.01,ms,Pixel 8,Android_36
kmp_android,coldStartupFull_timeToInitialDisplayMs,29,348.92,ms,Pixel 8,Android_36
kmp_android,coldStartupFull_timeToInitialDisplayMs,30,353.15,ms,Pixel 8,Android_36
