scenario,comparability,android_test,android_metric,android_median,android_p95,android_unit,kmp_ios_test,kmp_ios_metric,kmp_ios_median,kmp_ios_p95,kmp_ios_unit,native_ios_test,native_ios_metric,native_ios_median,native_ios_p95,native_ios_unit,note
Cold startup vs Android CompilationMode.Partial (baseline profile),COMPARABLE (caveats),coldStartupWithBaselineProfile,timeToInitialDisplayMs,272.18,292.36,ms,coldStartup,Duration (AppLaunch),0.2601,0.3282,s,,,NO_DATA,NO_DATA,,"Android timeToInitialDisplay vs iOS AppLaunch signpost: both bound process launch -> first frame. Different instrumentation. Android side used CompilationMode.Partial(BaselineProfileMode.Require), i.e. only baseline-profile methods AOT-compiled."
Cold startup vs Android CompilationMode.Full (full AOT),COMPARABLE (caveats),coldStartupFull,timeToInitialDisplayMs,344.82,369.65,ms,coldStartup,Duration (AppLaunch),0.2601,0.3282,s,,,NO_DATA,NO_DATA,,"Same iOS side. Android used CompilationMode.Full(), i.e. everything AOT-compiled. Despite the name, 'Full' is not the unoptimised path - it is the most-compiled one, and here it is slower than Partial."
Warm startup,NO_DATA,warmStartup,timeToInitialDisplayMs,51.6,57.9,ms,,,NO_DATA,NO_DATA,,,,NO_DATA,NO_DATA,,"iOS: XCTOSSignpostMetric.applicationLaunch emits no interval on app.activate() (no process launch), so 0 measurements were recorded in both iOS targets."
Hot startup,NO_DATA,hotStartup,timeToInitialDisplayMs,32.22,43.6,ms,,,NO_DATA,NO_DATA,,,,NO_DATA,NO_DATA,,Same root cause as warm startup.
Scroll (steady-state),NO_DATA,scrollNewsListJankMetrics,frameCount,927.5,960.0,count,,,NO_DATA,NO_DATA,,,,NO_DATA,NO_DATA,,iOS: scrollDecelerationMetric recorded 0 measurements; Compose Multiplatform does not emit the UIScrollView deceleration signpost. Android metric is frame-based and has no iOS counterpart anyway.
Fast-scroll stress,NO_DATA,fastScrollStressTest,frameCount,2243.5,2362.0,count,,,NO_DATA,NO_DATA,,,,NO_DATA,NO_DATA,,Same root cause as scroll.
Initial data load,NOT COMPARABLE,networkToDatabase,NewsRepo.networkFetchSumMs,215.33,279.35,ms,initialDataLoad,Clock Monotonic Time,23.3283,23.4022,s,,,NO_DATA,NO_DATA,,"Android measures an in-process trace section around the network fetch only (~215 ms). iOS measures whole-scenario wall clock (launch + element wait + terminate), of which ~22 s is accessibility lookup timeout. See Task 2."
Category filter,NOT COMPARABLE,categoryFilterPerformance,NewsRepo.getArticlesSumMs,5.22,7.05,ms,categoryFilterPerformance,Clock Monotonic Time,3.1819,3.2014,s,,,NO_DATA,NO_DATA,,"Android measures the repository call (~5 ms). iOS measures UI wall clock containing two hardcoded sleep(1) calls, so >=2 s of the 3.18 s median is deliberate sleep."
Search,NO_DATA,searchArticlesPerformance,NewsRepo.searchArticlesSumMs,4.26,14.4,ms,,,NO_DATA,NO_DATA,,,,NO_DATA,NO_DATA,,iOS KMP run was cancelled before any test executed (0 tests). Native iOS run executed 0 tests.
Image loading,NOT COMPARABLE,imageLoadingPerformance,frameCount,83.0,87.0,count,imageLoadingPerformance,Clock Monotonic Time,4.3598,4.4455,s,,,NO_DATA,NO_DATA,,"Android metric is frameCount; iOS metric is wall clock containing sleep(2)+sleep(1), so >=3 s of the 4.36 s median is deliberate sleep. Different quantities entirely."
